{
    "mrr": 0.6035992063492064,
    "average_rank": 3.705,
    "hit_rate@1": 0.5,
    "precision@1": 0.5,
    "recall@1": 0.5,
    "hit_rate@3": 0.655,
    "precision@3": 0.21833333333333332,
    "recall@3": 0.655,
    "hit_rate@5": 0.74,
    "precision@5": 0.148,
    "recall@5": 0.74,
    "hit_rate@10": 0.835,
    "precision@10": 0.08349999999999998,
    "recall@10": 0.835
}