{
    "mrr": 0.6270813492063492,
    "average_rank": 3.685,
    "hit_rate@1": 0.535,
    "precision@1": 0.535,
    "recall@1": 0.535,
    "hit_rate@3": 0.67,
    "precision@3": 0.22333333333333333,
    "recall@3": 0.67,
    "hit_rate@5": 0.725,
    "precision@5": 0.145,
    "recall@5": 0.725,
    "hit_rate@10": 0.83,
    "precision@10": 0.08299999999999999,
    "recall@10": 0.83
}